{"yellow": {"orange": {"0": {"0": 0.75}, "1": {"0": 0.25}}, "blue": {"0": {"0": 0.5}, "1": {"0": 0.5}}, "1": 0.25, "green": {"0": {"0": 1.0}, "1": {"1": 1.0}}, "white": {"0": {"1": 1.0}, "1": {"0": 1.0}}, "black": {"0": {"0": 0.75}, "1": {"0": 0.25}}, "0": 0.75, "red": {"0": {"0": 1.0}, "1": {"1": 0.3333333333333333}}}, "text": {"orange": {"0": {"0": 1.0}}, "blue": {"0": {"1": 1.0}}, "yellow": {"0": {"1": 1.0}}, "green": {"0": {"1": 1.0}}, "black": {"0": {"0": 1.0}}, "red": {"0": {"0": 1.0}}, "white": {"0": {"0": 1.0}}}, "animate": {"orange": {"0": {"0": 0.75}, "1": {"0": 0.25}}, "blue": {"0": {"0": 0.5}, "1": {"0": 0.5}}, "yellow": {"0": {"0": 1.0}, "1": {"1": 1.0}}, "green": {"0": {"0": 1.0}, "1": {"1": 1.0}}, "black": {"0": {"0": 0.75}, "1": {"0": 0.25}}, "red": {"0": {"0": 1.0}, "1": {"1": 0.3333333333333333}}, "white": {"0": {"1": 1.0}, "1": {"0": 1.0}}}, "landmass": {"orange": {"1": {"0": 0.5}, "4": {"0": 0.5}}, "blue": {"1": {"1": 0.5}, "4": {"1": 0.5}}, "yellow": {"1": {"1": 1.0}, "4": {"0": 0.6666666666666666}}, "green": {"1": {"1": 1.0}, "4": {"0": 0.6666666666666666}}, "black": {"1": {"0": 0.5}, "4": {"0": 0.5}}, "red": {"1": {"1": 0.3333333333333333}, "4": {"1": 0.6666666666666666}}, "white": {"1": {"1": 0.3333333333333333}, "4": {"1": 0.6666666666666666}}}, "green": {"orange": {"0": {"0": 0.75}, "1": {"0": 0.25}}, "0": 0.75, "yellow": {"0": {"0": 1.0}, "1": {"1": 1.0}}, "white": {"0": {"1": 1.0}, "1": {"0": 1.0}}, "red": {"0": {"0": 1.0}, "1": {"1": 0.3333333333333333}}, "black": {"0": {"0": 0.75}, "1": {"0": 0.25}}, "blue": {"0": {"0": 0.5}, "1": {"0": 0.5}}, "1": 0.25}, "black": {"orange": {"0": {"0": 1.0}}, "blue": {"0": {"1": 1.0}}, "0": 1.0, "yellow": {"0": {"1": 1.0}}, "green": {"0": {"1": 1.0}}, "red": {"0": {"0": 1.0}}, "white": {"0": {"0": 1.0}}}, "blue": {"orange": {"0": {"0": 0.5}, "1": {"0": 0.5}}, "0": 0.5, "yellow": {"0": {"1": 1.0}, "1": {"0": 0.6666666666666666}}, "green": {"0": {"1": 1.0}, "1": {"0": 0.6666666666666666}}, "white": {"0": {"1": 0.3333333333333333}, "1": {"1": 0.6666666666666666}}, "black": {"0": {"0": 0.5}, "1": {"0": 0.5}}, "red": {"0": {"1": 0.6666666666666666}, "1": {"1": 0.3333333333333333}}, "1": 0.5}, "white": {"orange": {"0": {"0": 0.25}, "1": {"0": 0.75}}, "blue": {"0": {"0": 0.5}, "1": {"0": 0.5}}, "0": 0.25, "yellow": {"0": {"1": 1.0}, "1": {"0": 1.0}}, "green": {"0": {"1": 1.0}, "1": {"0": 1.0}}, "black": {"0": {"0": 0.25}, "1": {"0": 0.75}}, "red": {"0": {"1": 0.3333333333333333}, "1": {"0": 1.0}}, "1": 0.75}, "orange": {"blue": {"0": {"1": 1.0}}, "0": 1.0, "yellow": {"0": {"1": 1.0}}, "green": {"0": {"1": 1.0}}, "black": {"0": {"0": 1.0}}, "red": {"0": {"0": 1.0}}, "white": {"0": {"0": 1.0}}}, "crescent": {"orange": {"0": {"0": 0.75}, "1": {"0": 0.25}}, "blue": {"0": {"0": 0.5}, "1": {"0": 0.5}}, "yellow": {"0": {"1": 1.0}, "1": {"0": 0.3333333333333333}}, "green": {"0": {"1": 1.0}, "1": {"0": 0.3333333333333333}}, "black": {"0": {"0": 0.75}, "1": {"0": 0.25}}, "red": {"0": {"0": 1.0}, "1": {"1": 0.3333333333333333}}, "white": {"0": {"0": 1.0}, "1": {"1": 0.3333333333333333}}}, "icon": {"orange": {"0": {"0": 1.0}}, "blue": {"0": {"1": 1.0}}, "yellow": {"0": {"1": 1.0}}, "green": {"0": {"1": 1.0}}, "black": {"0": {"0": 1.0}}, "red": {"0": {"0": 1.0}}, "white": {"0": {"0": 1.0}}}, "zone": {"orange": {"1": {"0": 0.25}, "4": {"0": 0.75}}, "blue": {"1": {"0": 0.5}, "4": {"0": 0.5}}, "yellow": {"1": {"0": 0.3333333333333333}, "4": {"1": 1.0}}, "green": {"1": {"0": 0.3333333333333333}, "4": {"1": 1.0}}, "black": {"1": {"0": 0.25}, "4": {"0": 0.75}}, "red": {"1": {"1": 0.3333333333333333}, "4": {"0": 1.0}}, "white": {"1": {"1": 0.3333333333333333}, "4": {"0": 1.0}}}, "language": {"orange": {"8": {"0": 0.25}, "10": {"0": 0.25}, "2": {"0": 0.25}, "1": {"0": 0.25}}, "blue": {"8": {"0": 0.5}, "10": {"1": 0.5}, "2": {"1": 0.5}, "1": {"0": 0.5}}, "yellow": {"8": {"0": 0.3333333333333333}, "10": {"0": 0.3333333333333333}, "2": {"0": 0.3333333333333333}, "1": {"1": 1.0}}, "green": {"8": {"0": 0.3333333333333333}, "10": {"0": 0.3333333333333333}, "2": {"0": 0.3333333333333333}, "1": {"1": 1.0}}, "black": {"8": {"0": 0.25}, "10": {"0": 0.25}, "2": {"0": 0.25}, "1": {"0": 0.25}}, "red": {"8": {"1": 0.3333333333333333}, "10": {"1": 0.3333333333333333}, "2": {"0": 1.0}, "1": {"1": 0.3333333333333333}}, "white": {"8": {"1": 0.3333333333333333}, "10": {"1": 0.3333333333333333}, "2": {"1": 0.3333333333333333}, "1": {"0": 1.0}}}, "religion": {"orange": {"2": {"0": 0.25}, "0": {"0": 0.25}, "5": {"0": 0.25}, "1": {"0": 0.25}}, "blue": {"2": {"0": 0.5}, "0": {"1": 0.5}, "5": {"1": 0.5}, "1": {"0": 0.5}}, "yellow": {"2": {"0": 0.3333333333333333}, "0": {"0": 0.3333333333333333}, "5": {"0": 0.3333333333333333}, "1": {"1": 1.0}}, "green": {"2": {"0": 0.3333333333333333}, "0": {"0": 0.3333333333333333}, "5": {"0": 0.3333333333333333}, "1": {"1": 1.0}}, "black": {"2": {"0": 0.25}, "0": {"0": 0.25}, "5": {"0": 0.25}, "1": {"0": 0.25}}, "red": {"2": {"1": 0.3333333333333333}, "0": {"0": 1.0}, "5": {"1": 0.3333333333333333}, "1": {"1": 0.3333333333333333}}, "white": {"2": {"1": 0.3333333333333333}, "0": {"1": 0.3333333333333333}, "5": {"1": 0.3333333333333333}, "1": {"0": 1.0}}}, "red": {"orange": {"0": {"0": 0.25}, "1": {"0": 0.75}}, "0": 0.25, "yellow": {"0": {"0": 0.3333333333333333}, "1": {"1": 1.0}}, "green": {"0": {"0": 0.3333333333333333}, "1": {"1": 1.0}}, "white": {"0": {"1": 0.3333333333333333}, "1": {"0": 1.0}}, "black": {"0": {"0": 0.25}, "1": {"0": 0.75}}, "blue": {"0": {"1": 0.5}, "1": {"1": 0.5}}, "1": 0.75}, "triangle": {"orange": {"0": {"0": 0.75}, "1": {"0": 0.25}}, "blue": {"0": {"0": 0.5}, "1": {"0": 0.5}}, "yellow": {"0": {"0": 1.0}, "1": {"1": 1.0}}, "green": {"0": {"0": 1.0}, "1": {"1": 1.0}}, "black": {"0": {"0": 0.75}, "1": {"0": 0.25}}, "red": {"0": {"0": 1.0}, "1": {"1": 0.3333333333333333}}, "white": {"0": {"1": 1.0}, "1": {"0": 1.0}}}}